n,seg,dist,stat,penalty,py_time,r_time
100,AmocSeg,Normal,MeanVar,BIC,0.0005348400000002584,0.03204669999999936
500,AmocSeg,Normal,MeanVar,BIC,0.00031236000000021134,0.0010492800000001523
1000,AmocSeg,Normal,MeanVar,BIC,0.00028274000000010345,0.0017304600000009884
5000,AmocSeg,Normal,MeanVar,BIC,0.0008324400000006449,0.006082659999999862
10000,AmocSeg,Normal,MeanVar,BIC,0.0018834000000005346,0.013038840000000107
50000,AmocSeg,Normal,MeanVar,BIC,0.009120580000000444,0.05561575999999917
100000,AmocSeg,Normal,MeanVar,BIC,0.017123800000000244,0.09756025999999948
100,PeltSeg,Normal,MeanVar,BIC,0.0008760999999992691,0.0022973400000005028
